mean,std,min,max,median,skewness,kurtosis,range,depth_proxy,q_0_1,q_0_25,q_0_75,q_0_9,periodogram_peak_frequency,periodogram_peak_power,label
0.00292805372537136,0.9679319613435846,-1.8130887295212017,2.137954524798645,-0.051662762412825004,0.12474795555954564,-1.1523760621125747,3.951043254319847,1.7614259671083767,-1.2609706210946263,-0.8171169306314934,0.8885416766313603,1.3247130200057726,0.9960937500000036,0.7837596382794554,1
0.04964654832591918,0.7765701265183865,-2.990227981746664,1.9356733774420396,0.12070559930005124,-0.7402123255623525,1.5649031812279244,4.925901359188703,3.1109335810467154,-0.9482779791937956,-0.30563013584265125,0.5441960506634806,0.8584439079822714,4.980468750000018,0.22916056513784863,1
-0.031321227271341824,0.9872862405586011,-1.993323496181733,2.220745270810761,-0.18012447885994495,0.168230039530948,-0.8562640755155937,4.214068766992494,1.813199017321788,-1.302339781459922,-0.766734858326724,0.7884508812967348,1.3690055982795513,1.992187500000007,0.6984624252316183,1
0.005045517067191602,0.77874101542135,-2.058174447442677,1.7218642782358788,0.001733949315164642,-0.05750574585734397,-0.6663359123714971,3.7800387256785557,2.0599083967578413,-0.9735489946921271,-0.5660386403509025,0.6262624451225529,0.9897943935303868,73.71093750000026,0.3533491520770051,0
-0.0010122952302332282,0.6594072609996829,-1.5681024083567368,2.138119107969735,-0.09108955862872883,0.4885816183521588,0.1604752801871765,3.7062215163264716,1.477012849728008,-0.7867168886589146,-0.4557981945745384,0.37911041109108384,0.901693770491296,20.917968750000075,0.07555718060685569,1
0.03067733916147794,0.8484295953750428,-1.9198537187080646,2.0982822204390272,-0.026140502161352053,0.12280247880288349,-0.691963877091653,4.018135939147092,1.8937132165467125,-1.0590489033668233,-0.6743682759633813,0.7018624175492867,1.1171409592924095,0.9960937500000036,0.3276681035008333,1
0.00012051419146803799,0.712350652664294,-2.100204044965292,1.9842409857960606,0.016265679494612585,-0.0885198382599218,-0.08144666425333691,4.084445030761353,2.116469724459905,-0.9337804258934432,-0.45128795793499143,0.4723050314154665,0.9027285443120521,104.58984375000037,0.08778076488825666,1
0.0015443376523806723,0.7577111755412259,-2.6037383084905366,1.8385686305716755,0.006079131698992131,-0.3753048599388145,0.15642565112226992,4.442306939062212,2.609817440189529,-0.9515336008096117,-0.5114435112954505,0.5559535530193952,0.9838263317294705,86.66015625000031,0.20634408732393736,1
-0.017427819751619465,0.83570244005306,-1.9348653374116833,1.603240050747794,-0.05396239631926228,-0.08933777202872535,-0.7616736783483802,3.5381053881594773,1.880902941092421,-1.1202805023583648,-0.5907065933504803,0.6562761910036112,1.1379136372094352,62.75390625000023,0.249734619529397,0
0.0008043249841003172,0.6908041564447136,-1.7657906053294152,2.1178090602230126,-0.04280609880019498,0.0865386467613363,-0.10246801544505724,3.8835996655524276,1.7229845065292202,-0.9681149085412821,-0.4006634637472233,0.4725346723816156,0.8953973638548347,1.992187500000007,0.054782376284915064,1
-0.03756449743772494,0.6546456560297647,-2.0833507238487874,1.2305044502872384,0.07474798426078211,-0.33667964256736743,-0.4737473234915375,3.313855174136026,2.1580987081095695,-0.9063092653388072,-0.5346401500903761,0.48380664831513254,0.8012598822363295,0.9960937500000036,0.1996372864421614,1
0.0008895372544337338,0.7348034107202621,-2.0214734395894127,1.6242456882683451,-0.044968332487791876,0.16852363966819517,-0.5851921120483281,3.645719127857758,1.9765051071016209,-0.9253062747990843,-0.5244803720664923,0.5366059768577883,1.0504745135771443,55.7812500000002,0.22798553094554297,1
-0.013725302927909074,0.5967662726883789,-2.093353828116726,1.7857047093765976,0.0745716966767114,-0.1980759399848058,0.7524015157658712,3.8790585374933233,2.1679255247934375,-0.7643648057157189,-0.4077472448638198,0.3784560349481918,0.6272365807509186,28.886718750000103,0.04262839956264595,1
0.03876321550752694,0.6809961063097332,-2.5688101608180407,1.4643201101600782,0.03276585922053749,-0.4616082675366459,0.5514106237546255,4.033130270978119,2.601576020038578,-0.7954973243929401,-0.46679946682180773,0.5871979525469623,0.8969705985604268,96.62109375000034,0.07166635718495488,1
0.012302970972121852,0.8076211180980227,-1.9896792117383493,1.792689223089066,0.10512774188854801,-0.07841078066822021,-0.7677666990879359,3.7823684348274154,2.094806953626897,-1.0436614725010473,-0.6208650839483574,0.6540851177870315,0.9814438950145117,0.9960937500000036,0.3928698051875327,0
-0.02625371679091347,0.9732577447822915,-2.155544285399723,2.0668680966399835,-0.015657733709897842,-0.0647901565844543,-0.9421896120716053,4.222412382039707,2.139886551689825,-1.2783376157496718,-0.7681593419482309,0.8159218622384254,1.2028213292663645,1.992187500000007,0.7944686452154762,0
0.014603108319982704,0.9559705903937717,-2.068691682131814,2.103317424945514,-0.09474738550515355,0.12066230743291144,-1.0357831414775893,4.1720091070773275,1.9739442966266605,-1.1810853621217619,-0.7802579668642333,0.8396541437075771,1.2338048352209756,1.992187500000007,0.781039418667139,0
0.0027568300403555818,0.7080623747479828,-2.0364669675289915,2.256769341443923,-0.030428993600529843,-0.055203601231465796,-0.05084641116067168,4.293236308972915,2.0060379739284615,-0.9052413266971089,-0.4715660504699368,0.548607191708683,0.8769946738390316,1.992187500000007,0.14177360377718473,0
0.0027418085676249593,0.9051482771158701,-2.797239026150185,1.8843304612737395,0.07235600443003534,-0.17274909111472406,-0.5845601177403319,4.681569487423925,2.8695950305802205,-1.1810635746763807,-0.7350700197055806,0.7210699701503982,1.1270680043713375,0.9960937500000036,0.6263596402701108,1
0.013576017684536423,0.7404416482043605,-2.4411724039680847,1.5856129606241796,0.034154605875723554,-0.5732161125134637,0.7880982095215554,4.026785364592264,2.475327009843808,-0.8993434251631165,-0.3510774562482787,0.47672745359275187,0.9221113697465927,51.796875000000185,0.15783375855577547,1
-0.004062306681252716,0.7756650697923695,-1.7342816389409916,1.9066466731342242,-0.021695859018072795,-0.05880598092958788,-0.8217346329334583,3.640928312075216,1.712585779922919,-1.0491521550808027,-0.607436814255996,0.6179642767856782,1.0131891640511697,68.73046875000024,0.2952869790447683,0
0.05369705199181204,0.7278026050784286,-2.1108523712005614,2.081711258315278,0.06186118422618614,0.1510655877479139,-0.2321679169187032,4.192563629515839,2.1727135554267476,-0.9043947553418271,-0.4951078675383499,0.573430038980934,0.9799401815712018,45.82031250000016,0.27454692139496967,1
0.01855086015437568,0.7666504203354214,-1.4642496868068688,1.842315547643785,0.052530149067584485,-0.016338628494459738,-0.7493579448060075,3.3065652344506535,1.5167798358744533,-1.0266718889292945,-0.5726107433011817,0.5686855151252659,1.0670794673425292,33.86718750000012,0.23452463829428102,1
-0.005800809916249906,0.7010294136253767,-1.7690745540940516,2.0351746915648095,-0.008998488057090373,0.010583557862781125,0.11221240161621049,3.804249245658861,1.7600760660369612,-0.911689584546197,-0.43147000346320846,0.4253535733981058,0.8686966504643148,67.73437500000024,0.20432787166989044,1
0.35547219521396156,0.3857589976821157,-2.0109824989068237,1.4653018681968752,0.46606489323289174,-3.231035366166872,13.38053586967272,3.476284367103699,2.4770473921397156,-0.270386791265417,0.46606489323289174,0.46606489323289174,0.46606489323289174,0.9960937500000036,0.022954684669183552,0
-0.018112446247619818,1.0294648037862892,-2.7647225758310836,1.7849231335341085,0.08993381140913043,-0.44623204636794844,-0.3091220686686418,4.549645709365192,2.854656387240214,-1.3119020795311847,-0.6803168759961532,0.7696577543593836,1.3191237941563074,1.992187500000007,0.7522748178739623,1
-0.01414609791449339,0.7658692065422593,-2.3752373826027973,1.5836412133405198,-0.016708408577527974,-0.21868193308971665,0.1361790943128911,3.9588785959433173,2.3585289740252695,-1.0110022454234446,-0.4223403394708431,0.4618412213083709,1.0975699682840134,42.832031250000156,0.3398078544978871,1
-0.032903810886648385,0.8127175754399772,-1.7231339652766438,1.7458592224471083,-0.07870115668508615,0.14424742402327145,-0.8936843519345641,3.4689931877237523,1.6444328085915576,-1.0939852808105797,-0.6845349463673893,0.6621760001103512,1.057756187152497,35.85937500000013,0.4031356851576332,1
-0.028944659893118535,0.6712521260680062,-1.633480824334604,1.6864880875576314,-0.07102503577850933,-0.008414989718258699,-0.28633260320904386,3.3199689118922353,1.5624557885560946,-0.9380124899774509,-0.4275874108695082,0.4189463348140223,0.8921201760684422,76.69921875000027,0.1403762918706666,0
0.21659416244835428,0.31187047213575925,-1.4770709175834675,1.1909227192507446,0.3530439518587726,-1.6433518191466319,4.999552433188842,2.667993636834212,1.83011486944224,-0.29070016564215473,0.3530439518587726,0.3530439518587726,0.3530439518587726,0.9960937500000036,0.031807413994221476,0
0.21914748737824663,0.7238943066932653,-2.089844069444899,2.1780436325687695,0.42004189158689337,-0.6020429472214756,0.6716559028051821,4.2678877020136685,2.5098859610317925,-0.8946656355148992,-0.17094435932663862,0.428342063791355,1.0435705487760463,5.976562500000021,0.20267965943188554,0
-0.050378739290562885,0.900170879793292,-1.8613028567093381,2.130747523997185,-0.159537496387124,0.39600524307180607,-0.4440740914558208,3.992050380706523,1.7017653603222143,-1.2020161697264105,-0.7033155553738181,0.45938824795833655,1.2237137668764106,3.984375000000014,0.5609019628525619,1
-0.10441416275302172,0.867227292187937,-3.198849288065242,1.9939615486499562,-0.25484608106573925,-0.027940473122025137,0.5883317765638103,5.192810836715198,2.944003206999503,-1.0243344261141738,-0.5953614187977978,0.42781856856174133,1.1720569226764301,3.984375000000014,0.44029272328135466,1
0.008064385327343965,0.6420994882602729,-3.187468501540957,1.61167494012181,0.042712770613306875,-1.054780503802882,3.1550542748428008,4.799143441662768,3.230181272154264,-0.6256186083745991,-0.35552290877846726,0.43375972602562507,0.768133726081091,106.58203125000038,0.16601970818578882,1
0.01695640886178077,0.6735502413284301,-2.712649869656052,1.4998594732358757,0.02083667161318821,-0.8098202114359538,1.6186789786459617,4.212509342891927,2.73348654126924,-0.7664995686397728,-0.3776901465743065,0.5604749414219657,0.7714520050062008,1.992187500000007,0.10457535576422737,1
0.03742501486122272,0.9654611730737992,-3.5008868550913115,2.0117591176934204,0.1867289489015919,-0.9597768048749014,1.9423016828400694,5.512645972784732,3.6876158039929035,-1.0714576691526472,-0.5559741984217371,0.6942167042350378,1.060898857068405,2.9882812500000107,0.490089253668455,1
-0.48656170229889595,0.6663615022638832,-1.8629664860714563,2.3226164158239984,-0.6241631885148757,1.8527921980877966,3.237139163714028,4.1855829018954545,1.2388032975565806,-0.8537630234558667,-0.8537630234558667,-0.6241631885148757,0.5913478906098681,0.9960937500000036,0.07642615927333186,1
-0.00013372769969084708,0.7156968112207449,-3.1344174561600164,2.0166626983077576,0.035179201334660584,-0.3871046228165844,2.12384348757797,5.151080154467774,3.1695966574946772,-0.8489288399508194,-0.3686748132245609,0.3968117479313486,0.8181959812907968,84.6679687500003,0.0636967409032495,1
-0.02460955196480337,0.6360575654977587,-1.7834813283791198,1.9495125989321758,-0.0659126747698077,0.2787151551033021,0.5153789195748018,3.7329939273112958,1.717568653609312,-0.7726967940317336,-0.43995509764120805,0.3808312477924647,0.7304068795667563,93.63281250000034,0.04935671579706675,0
-0.06243373240700724,0.8027376866024613,-2.535056722325517,1.710229124307483,-0.001305415247405856,-0.523804819094546,0.3345812546023934,4.245285846633,2.5337513070781115,-1.0279719367959048,-0.5990040217990716,0.5144123481598972,0.9472446147159046,75.70312500000027,0.25371048357880516,1
0.007045522254722374,0.9431106705530955,-2.0905108883867083,2.0734596451741765,0.11839556515845673,-0.04909296853925317,-1.0389872553746347,4.163970533560885,2.208906453545165,-1.2104996313238736,-0.775832106854442,0.7738393554472992,1.1540822993234716,1.992187500000007,0.7552461165166278,0
-0.018616333923281755,0.5415330417146016,-1.789868618376419,1.2833644128436834,-0.010536322509163878,-0.19360594037912285,-0.010873095970176383,3.073233031220102,1.779332295867255,-0.6708896721924433,-0.3736519131995484,0.3695336652332495,0.6275356984410287,0.9960937500000036,0.1686514615597375,1
0.010090584607158075,0.8541300012503903,-2.2909839676398733,1.9786252244068383,0.01589766741285825,-0.020234061301765978,-0.1421178287484186,4.269609192046712,2.3068816350527315,-1.046236007203447,-0.5447048121361564,0.492098202110558,1.230525556999348,3.984375000000014,0.38326073688394785,1
0.002676025873529459,0.6033057435686361,-1.6316976716918667,1.8592369184851507,0.02856998393941689,-0.002987571148664894,0.13729236188277838,3.4909345901770177,1.6602676556312836,-0.799029282724039,-0.3836686526176014,0.36149547867570075,0.8143342988417809,71.71875000000026,0.07892058107896213,1
-0.019859118907761465,0.5872259318716772,-2.8946214358495244,1.8209131246518964,-0.02247422438118374,-0.3904084492055877,2.2942006248690783,4.715534560501421,2.8721472114683406,-0.6922405609443562,-0.40673889034336425,0.2983857470508256,0.7167157913439444,44.824218750000156,0.04759941450842276,1
-0.04073656291685859,0.7304903876761809,-1.666645951283475,2.173195092869185,-0.0929424330342816,0.3290378406698629,-0.3346189250383511,3.83984104415266,1.5737035182491934,-0.9039492076821766,-0.6079038928954515,0.4830481552181739,0.9394960074328536,47.81250000000017,0.15959728565536274,1
0.020125711070994767,0.9348290861940503,-2.1385681640596164,2.044940257038486,0.08300966014898914,0.018199995989941268,-0.6730243563612213,4.183508421098102,2.2215778242086053,-1.1717582902195176,-0.7607133556618286,0.7196621862113391,1.2536987242346707,2.9882812500000107,0.5077064668475704,0
0.015212856057970306,0.860735675001496,-2.880983156484638,1.6370173413581204,0.07988097863476279,-0.362440373559609,-0.23917427399488123,4.518000497842759,2.960864135119401,-1.008699111866545,-0.6545218655960353,0.7057273310089115,1.0782930215877662,30.87890625000011,0.557879999323454,1
-0.012881324078278113,0.9130640686231457,-2.58958698337689,1.6392510077380764,0.09936863547946015,-0.37029878666761884,-0.515884457520011,4.2288379911149665,2.68895561885635,-1.1726801613644402,-0.743668333364865,0.7435762880778924,1.139959211715838,37.851562500000135,0.41601807915797845,1
0.03550133458770621,0.8711471491710898,-1.5048218384132788,1.9433390054096682,0.0006045034788268522,0.13669147130848328,-0.9013084125849367,3.448160843822947,1.5054263418921057,-1.1255600249312958,-0.6540508339257167,0.6554079455026958,1.173659269585495,0.9960937500000036,0.3837406867172108,1
0.009055241743895714,0.9965500778391349,-2.3423940441669147,2.169055900711684,0.029176439775193082,-0.0785160044762134,-0.705192487040196,4.511449944878599,2.371570483942108,-1.3246236562240767,-0.7561107172224132,0.8026366429248465,1.297640079019751,2.9882812500000107,0.39848917388862365,1
0.010513273673016826,0.7401623750727574,-1.7810736699033767,1.9799204849654575,-0.037390920009191184,0.22686782296501168,-0.3312110729258664,3.7609941548688344,1.7436827498941856,-0.934361569586155,-0.5393249869082889,0.5699184784439397,0.9816087473165624,1.992187500000007,0.09813388281006219,1
-0.0016469650917929467,0.8257761607054872,-2.2766583897263186,2.0803839703797458,0.051937227088680385,0.0817573598915362,-0.43290621886384173,4.357042360106064,2.328595616814999,-1.053963827895772,-0.6571788331364753,0.5388135155751805,1.153041357647207,59.76562500000021,0.355272780034473,1
-0.015351105328697288,0.8305638745813015,-1.9362111112382463,2.2128723577953644,-0.01708614277605098,0.21102516885916456,-0.4747189113248411,4.149083469033611,1.9191249684621954,-1.153933891291143,-0.6594246976195438,0.5845945542791178,1.054965617057785,63.75000000000023,0.4750998854867101,0
0.0017566618533543937,0.7661550938869939,-1.9473045618251963,2.565728496344822,0.030460612224522905,0.1417379604392704,-0.2060928518099292,4.513033058170018,1.9777651740497193,-0.9963500903106893,-0.5673502957881036,0.567332425038952,0.9849086651830342,1.992187500000007,0.19861192662731,1
0.024790261936764688,0.7480267899117948,-1.8501129662668419,2.2862768688476005,0.026683667985840733,0.3131439794152409,0.009308483894381325,4.136389835114443,1.8767966342526825,-0.8577002826892101,-0.5584593802190356,0.5026781280823014,1.0180841984997981,65.74218750000023,0.13319522638313241,1
-0.060067609666788625,0.9135685588563234,-2.8413116221353243,2.201140408379956,-0.31998955057001943,0.03190819832329659,0.38191701861094884,5.04245203051528,2.521322071565305,-1.0090798040254816,-0.548381887544553,0.5654766787149144,1.2170891055770525,3.984375000000014,0.30823957738302216,1
0.01015251978083806,0.771033689650874,-2.2749790858511703,1.759763846180803,0.01512139138976597,-0.3619702460533687,0.16321858842493464,4.034742932031973,2.2901004772409363,-1.0148093342305549,-0.4389129893574743,0.5053766091302139,0.9817600604240015,62.75390625000023,0.2272853486561663,1
-0.08290311051415873,0.8651170041958189,-2.793818948605437,1.7209029064470962,-0.3015336822997694,-0.15222295958007073,0.17325457177107095,4.514721855052533,2.492285266305667,-1.1582694790016719,-0.42535587743724357,0.587507231102314,1.1045983671811563,3.984375000000014,0.3225860937406687,1
-0.0006996942045293039,0.8131652193295424,-1.7317830855364742,1.9624979065942405,0.0006598531021396931,0.04646847365780061,-0.7173520696695794,3.6942809921307145,1.732442938638614,-1.0646847243998971,-0.6255027302454063,0.6394646483654631,1.092797727200404,56.7773437500002,0.3524802128774967,1
0.0092954051713236,0.9630217244048599,-1.9464417887859444,1.8766883621473693,0.025098270297758532,-0.1046729630432221,-1.0879958108209737,3.8231301509333138,1.971540059083703,-1.3034833940725887,-0.8375414938055245,0.8504459203189765,1.271346177676286,0.9960937500000036,0.7964151998591287,0
-0.007384783395673927,0.8167032474958674,-3.1107775999395573,1.7091892093818069,0.029924454211938095,-0.7709314010890108,1.4503570184404602,4.819966809321365,3.1407020541514954,-0.9191690881995663,-0.4913158566970143,0.5884090542066166,1.0025482485803094,39.84375000000014,0.3653974978088079,1
0.05151844599866885,0.7718467908471631,-2.5967377561457337,1.850438881410052,0.010003359162452003,-0.040591565154600835,-0.3904727849007381,4.447176637555786,2.6067411153081856,-0.9144471624107009,-0.5168386904693506,0.618215539213559,1.1330207602072084,61.75781250000022,0.17666554361143075,1
0.03420307554111039,0.7007599313599746,-2.1364168605943252,2.1650020054395887,0.017064239927833687,-0.18308887720821074,0.3205853145897386,4.301418866033914,2.153481100522159,-0.8273997365693491,-0.40321120594266435,0.5437503262586727,0.9012848795077271,87.65625000000031,0.1077372733544195,1
-0.011977918257729547,0.8614199932895839,-2.232868997187236,1.709431126449929,-0.08448054363670426,-0.048771201557589204,-0.7229949323982003,3.942300123637165,2.148388453550532,-1.064630415256419,-0.6559204041406428,0.7141180943084845,1.1668567322591303,0.9960937500000036,0.4117014969791415,1
0.0119164275462815,0.6921120179470106,-1.8028628076680007,1.6025030043125228,0.015700833784086793,-0.029031121731909016,-0.3449537248988026,3.4053658119805235,1.8185636414520874,-0.8149636397327374,-0.5394520295032716,0.48702510671216737,0.9459217183605381,111.5625000000004,0.06635731606459135,1
0.014269003832970535,0.8073877077932722,-1.8853537129287428,2.013242047266444,0.018218776426752598,0.0484982727275615,-0.7487068699330188,3.898595760195187,1.9035724893554953,-0.9619520015280558,-0.6266588928204488,0.6892462278157241,1.0603638717837,60.76171875000021,0.2222182330597297,1
-0.032326676286633146,0.9845926291553808,-1.958463811312594,2.243112755756176,-0.24849086282731025,0.19352455276770947,-1.1144781797255594,4.20157656706877,1.7099729484852837,-1.2538905478193996,-0.874590645651549,0.8615437790139859,1.2743747980382656,1.992187500000007,0.7671451697939433,1
-0.005850454882641687,0.9774521933737942,-3.0574852555436283,1.513106325782938,0.11394140713091253,-0.77448611213797,-0.04284046511006956,4.570591581326566,3.171426662674541,-1.5319025127723034,-0.5938331750194418,0.8206463679991481,1.038093472358888,0.9960937500000036,0.7472233014858943,1
-0.019076999089638252,0.8457561953786714,-2.180816813790136,2.0051891839294753,-0.061338638942641424,0.013148979357290867,-0.7503528270952105,4.186005997719612,2.1194781748474942,-1.0826563083519622,-0.668009334907234,0.7018510962135776,1.0933101423650249,0.9960937500000036,0.30319941980181686,1
0.03515095777555918,0.8628023788994024,-1.8095255861934607,2.3982908742696734,0.27216599769522937,0.024301617254134024,-0.37188420433011826,4.207816460463134,2.08169158388869,-1.1724381399986388,-0.6635601517203209,0.37378730527927095,1.2449478810677226,4.980468750000018,0.2568380760417899,1
0.02000455136131405,0.7143331408182574,-1.5618641137938212,1.3939229244175404,-0.024383165347047157,0.08288964324147668,-1.006004606327211,2.9557870382113616,1.537480948446774,-0.8373961113909292,-0.5747657315913163,0.6364829064186069,0.9906330501266616,84.6679687500003,0.09718754643124312,0
-0.0010539128154103058,0.9278945059564729,-1.9627650495952993,2.3173601239167225,-0.042040748488888294,0.14786820893027391,-1.014999207270504,4.280125173512022,1.920724301106411,-1.1135053726304829,-0.793789104089087,0.816073243882523,1.216953248655644,13.94531250000005,0.6531936121747616,0
0.03707793650629177,0.6939405265597012,-2.0246887066995183,1.701855993285128,-0.06916652012002236,0.061689834430868125,-0.3167531539127224,3.7265446999846463,1.9555221865794958,-0.7207617002180273,-0.47617616889292036,0.5670150557201816,0.9707436785645831,21.914062500000078,0.08428710253569743,1
-0.0071051778866969735,0.8175863458243149,-1.8595355480540825,1.9438607095149378,-0.08795690354445762,0.27556756701429047,-0.7299763610484211,3.8033962575690206,1.7715786445096249,-1.004633367641931,-0.614021306717762,0.5943810748394501,1.218623922072167,61.75781250000022,0.27259568249682287,1
0.006211043974134606,0.6880141527406892,-2.0300235220835834,2.5159496916680193,-0.07478755679147994,0.42627783872032327,0.9185435194413616,4.545973213751603,1.9552359652921034,-0.7507694855876416,-0.40483450881681254,0.35901416114660956,0.8711843826196816,118.53515625000043,0.09499452683264842,0
0.0030166095460012615,0.6752841707924738,-1.490041557571739,1.8311083022842536,-0.0016660543267454364,0.11923423311758011,-0.3615944866647598,3.3211498598559928,1.4883755032449935,-0.8827570073295754,-0.46004155820794884,0.457423673633492,0.8935593000059239,0.9960937500000036,0.09730118341020351,1
-0.29678170216397576,0.7555444295237658,-2.097942441024883,2.1412645158080466,-0.5967370118566396,1.0224953490941164,0.7750386222575258,4.23920695683293,1.5012054291682433,-0.9540099222849402,-0.5967370118566396,-0.048820103684111535,0.9674318432019543,5.976562500000021,0.11761068126727256,1
0.0666918712145717,0.7832584901712687,-1.9794460223014343,1.921882341332376,0.05461564523831895,-0.015247001673065428,-0.5149056544973392,3.9013283636338105,2.034061667539753,-0.8711945663833431,-0.5167404910360881,0.7138588604924367,1.1126437449845925,0.9960937500000036,0.2329064217116547,1
-0.010745606073639906,0.7479887017305573,-1.780457327745339,1.6339241135780307,-0.03709275663846924,-0.11821349225939078,-0.7201911000141594,3.4143814413233695,1.7433645711068697,-1.0198274841239434,-0.5351304697613717,0.6103174069214291,0.9508346366399837,72.71484375000026,0.1777196826775017,0
0.007620449195392981,0.9528940587144957,-2.022492383816777,2.146938212587508,0.007860603785032132,0.02460888667426392,-1.0004306640397613,4.169430596404285,2.0303529876018094,-1.2679145071057993,-0.8102110707653258,0.8114163599294727,1.2454160260154126,0.9960937500000036,0.7613612356740656,0
-0.007830534522354566,0.8101552852502781,-2.7529292982794593,1.5298059525287393,0.0674979699372773,-0.5376588141359238,0.1793446336478115,4.282735250808199,2.8204272682167364,-0.9770144963142291,-0.6139564988861347,0.629703467175443,0.9924300001881778,64.74609375000023,0.41677983385438805,1
0.00516002428005579,0.827985134615974,-1.7234621704844075,2.395813417779905,0.10264203192618612,-0.11900610646556989,-0.7057663510024668,4.119275588264312,1.8261042024105936,-1.1805636125331316,-0.6388010845984435,0.6638520446148427,1.0599996768633289,56.7773437500002,0.27591469860569234,1
0.010166182676142495,0.6365644713928743,-1.761753876405789,1.6246229757755808,0.04212288525965132,-0.11299008846133962,-0.548603913659937,3.3863768521813697,1.8038767616654403,-0.8547392379507741,-0.49835429120578795,0.48586219940395603,0.8308164564901913,67.73437500000024,0.05622362917498611,0
-0.0019278737135322577,0.9620351079999604,-1.8540039426956012,2.2820432547145733,-0.03307324073986153,0.3214553008633205,-0.8731108427606249,4.136047197410175,1.8209307019557397,-1.198757401024952,-0.8361150067403361,0.7329622286587909,1.391497917156602,0.9960937500000036,0.7691209178613687,1
0.004301262174699207,0.9573452249383486,-1.8439664752431362,1.8655373822752208,-0.06906215272674418,0.08647723127174636,-1.3973138100855025,3.709503857518357,1.774904322516392,-1.1784789835103349,-0.8976243095421014,0.8996129445284802,1.2588215063098254,1.992187500000007,0.7811608498951803,1
0.04311464945254469,0.8240592393582241,-2.1609619679500183,2.6764920619560364,0.051589673139432565,0.09156853958631958,0.21262837254924394,4.837454029906055,2.212551641089451,-1.0966191102561178,-0.3955730156429532,0.5167359483641417,1.0915577509477616,4.980468750000018,0.28130987255767814,1
-0.012130327262321633,1.0283973698050932,-2.380469557174216,1.9985190064069667,-0.04000108649582189,-0.13067833245840468,-0.8484013184421966,4.378988563581182,2.340468470678394,-1.380057849977114,-0.7593240738046513,0.8842383365658482,1.337172393933993,1.992187500000007,0.48913271582622464,1
0.015843964624929333,0.7906891492512743,-1.7624774051174643,1.7428046314754977,-0.016255043070609355,0.07282304288639943,-0.8772053428678377,3.505282036592962,1.7462223620468549,-1.015913159664259,-0.6310194969957488,0.7175878059795968,1.0824454917107689,65.74218750000023,0.17910801663150477,1
-0.005483691998296373,0.66944442842807,-2.0837781332993606,1.8550549691655105,-0.0013813809523982054,-0.05129192575302063,-0.162032982189936,3.938833102464871,2.082396752346962,-0.9195140488656892,-0.4344311160326356,0.41903228496546374,0.8480010366115183,98.61328125000036,0.12649745334617232,1
-0.018839750024772492,0.999306688641149,-2.2373592639657813,1.6940542331384,-0.061722822059944,-0.08453921816126246,-1.134690195176175,3.9314134971041814,2.175636441905837,-1.2971674809751712,-0.8902319662990439,0.8617763699216835,1.2825841298330058,1.992187500000007,0.5487926824291223,1
-0.007904250476967708,0.8518672451320822,-1.756827891052175,1.6329713736971627,0.05047296326495247,-0.08206491084060338,-0.9463653766877047,3.389799264749338,1.8073008543171276,-1.252977319896444,-0.6638591588459573,0.621429788746536,1.1806536781875174,13.94531250000005,0.3935138745419163,1
0.04611398023827657,0.9093099665405581,-2.150163759226946,2.090346135129243,-0.043285482600166604,0.18959369719124022,-0.9325064486813961,4.2405098943561885,2.1068782766267793,-1.068746810619148,-0.6887678803660067,0.7660102519843366,1.3994292586298784,1.992187500000007,0.531518200808287,1
0.007714512398235139,0.7913605409860456,-2.0204610880546428,1.6813417769697454,-0.04170818216681792,-0.06854818681811184,-0.8870354223076964,3.701802865024388,1.9787529058878248,-0.9751682765578178,-0.6098637760922054,0.7148674575115306,1.0077341234834158,64.74609375000023,0.2830351570963823,0
0.014012756830833861,0.8711717292624219,-2.5074256053492854,2.045504591917508,0.020516906674081792,0.036123987709330396,-0.592070276591893,4.552930197266793,2.527942512023367,-1.0493493148568107,-0.6959928009523516,0.6682420058881,1.1845345676024404,0.9960937500000036,0.401197369301193,1
-0.005295722874819164,0.9493471550254027,-2.0126403048445693,1.991943525574199,-0.08346602125218017,-0.03007042404096741,-0.9967676153270988,4.004583830418769,1.9291742835923893,-1.2856737718472218,-0.7069223820449451,0.8162815623551187,1.264612629426372,0.9960937500000036,0.7674502822723531,0
-0.356866993004846,0.8552814885229078,-2.3554863592833484,1.4441169003889909,-0.4960051426598773,0.1375189092298359,-1.3599212606120528,3.799603259672339,1.859481216623471,-1.1799713515273205,-1.1799713515273205,0.3953404983593918,0.3953404983593918,0.9960937500000036,0.43078646621937755,1
0.000551260456931324,0.8453800896735671,-2.296178158699515,2.0723582707294814,-0.07171682497337895,0.22220175849783366,-0.6056167618312793,4.368536429428996,2.2244613337261363,-0.9574991399893877,-0.6925625390802765,0.6654961166197505,1.1821087850954854,52.792968750000185,0.4104908239356085,1
-0.641930062142874,1.0386602635508801,-2.4889213583224734,2.165861323320676,-1.2999833233032319,0.806411066238406,-0.6927438959851933,4.65478268164315,1.1889380350192416,-1.4656619830466346,-1.4656619830466346,0.18109412881288733,1.0125242442297258,0.9960937500000036,0.4336796683501177,1
0.005298656529304252,1.0033861742415182,-2.0803861763626705,2.0033832286552546,-0.016314363537008582,-0.01390075705394034,-1.1970516604247456,4.083769405017925,2.064071812825662,-1.3273091198172167,-0.9787712415752537,0.9174187257537116,1.2421395244310323,2.9882812500000107,0.7038764692070203,1
-0.002549483199648407,0.6743019283710248,-2.0179547327193434,1.7892500407726717,-0.0014186547413795518,-0.0010938230030619464,-0.2959061974244417,3.807204773492015,2.016536077977964,-0.9352535853573458,-0.41499440178915037,0.4543627164377956,0.9463294212361244,25.898437500000092,0.10912164712424938,0
-0.01195060357294947,0.7237621137287943,-1.5436259036921756,1.6734884371928305,-0.02962173540819041,-0.060133648882032514,-0.7054910944974719,3.217114340885006,1.514004168283985,-0.9793851303217314,-0.5559805061196472,0.5777063107318929,0.9952574238457794,75.70312500000027,0.20676426467639744,0
0.00028682190575895355,0.8062898125311039,-3.756143082166614,1.7050419210795469,0.09068125485860529,-0.745657840730697,1.7564250640475407,5.461185003246161,3.8468243370252195,-0.9581211828179744,-0.5299316813909152,0.5533811086577707,0.9118353770960961,94.62890625000034,0.10187132281449647,1
0.001897610994442113,0.9483788534816607,-3.4522985905406562,1.7177718540227611,-0.04712082280561258,-0.460801189007114,0.42190254074105304,5.170070444563417,3.4051777677350437,-1.0392409052892582,-0.5467644831252383,0.6119665766352909,1.3135574806848385,40.83984375000014,0.40898798398119196,1
-0.03898465758591155,0.9173184898343337,-1.888037545947269,2.107254908596332,-0.15275035017456215,0.15033221095647853,-0.9915321155360033,3.995292454543601,1.7352871957727067,-1.2354743093277551,-0.7685577795535977,0.733867945621669,1.2137831375182477,1.992187500000007,0.606086396509111,1
-0.015184465712779642,0.9520457092505086,-2.8756014223788795,1.956765466792887,-0.030520045353450743,-0.39842217080790937,0.05635020385533718,4.832366889171767,2.8450813770254286,-1.1956848460189864,-0.5440604495867437,0.6586832488474079,1.1742901046357983,27.8906250000001,0.43998460185414434,1
-0.0071709037062485555,0.7565528369039853,-1.4696029206513601,1.8202818889155519,-0.13862618371971766,0.3379784721400194,-0.8286902108934848,3.289884809566912,1.3309767369316425,-0.8879831391915667,-0.599462255799579,0.6163409142433746,1.0697565535550355,84.6679687500003,0.2307325611222895,0
0.01984137998464401,0.9417929701199964,-2.288483787777052,2.108623690277166,-0.019007580302332655,0.005608151481977503,-0.8333950081777592,4.397107478054218,2.2694762074747192,-1.2789347197899794,-0.686364721399744,0.8117511666179154,1.3037924172665112,1.992187500000007,0.6755025934622337,1
-0.017199887903447928,0.9275060500152011,-1.9982093617004404,1.7965316096118333,-0.005641647307253044,-0.006216710935729913,-0.9469141031002888,3.7947409713122737,1.9925677143931873,-1.3603360209801236,-0.7242267349642998,0.7125584909669778,1.2796312336582152,41.83593750000015,0.2882638314077427,1
0.015909666179680093,0.8714594648262229,-1.713723845868929,1.7428122579852874,-0.09612533998173975,0.10494748644339451,-1.2533061672893513,3.4565361038542166,1.6175985058871893,-1.074738201282798,-0.7643618053170875,0.8087768950175799,1.2040050338929724,0.9960937500000036,0.6091519862497091,1
-0.04344893114529421,0.8910667309720652,-2.51456828691337,2.1931682017141614,-0.10451655265173818,0.17388478441624228,0.11950846706313323,4.707736488627532,2.410051734261632,-1.0620535657464698,-0.6301797193364345,0.4583553938224473,1.237032965089401,3.984375000000014,0.2893141081139806,1
-0.03264596936155749,0.5958322197249072,-1.2498470869234775,1.4349810416355995,-0.017073702044501704,0.13593713620439754,-0.686612850021298,2.6848281285590767,1.2327733848789757,-0.8216044090082333,-0.4883360562532275,0.418039683806099,0.7956751973480352,0.9960937500000036,0.057187348282479004,1
0.029084754298675797,0.9309472501815695,-2.1735916917371236,2.731660978861001,0.12781713042796514,-0.1060520521295888,-0.35706821784038434,4.9052526705981245,2.301408822165089,-1.2563173352148227,-0.7253252216979738,0.67854515217788,1.1697574194422926,2.9882812500000107,0.3610745417631488,1
0.004792454135991199,0.75481285305415,-1.7344968076338474,1.9914325373047284,0.0008244965289859896,0.004224268341833681,-0.5381980203366359,3.7259293449385757,1.7353213041628335,-1.004680939013103,-0.5353197451630927,0.5640321814639082,0.9731724176149077,64.74609375000023,0.32069646885594105,1
0.007964330164325795,1.0008202034029774,-2.521963895046282,2.3767090095563046,-0.052416909428200875,0.24026490636570447,-0.43900459672270475,4.898672904602586,2.469546985618081,-1.1687824128619082,-0.7821523100220066,0.6560687494597943,1.5015157769534808,1.992187500000007,0.308904944273727,1
-0.0015017164733178295,0.7762711532561604,-2.713476810226296,2.057344976581438,-0.039301645502205065,0.12803247106894525,-0.052993988241714085,4.770821786807733,2.674175164724091,-0.9496295363159417,-0.5431189478409653,0.510808290286178,1.1095755553919862,69.72656250000026,0.11404366739630331,1
-0.00019469187978396474,0.6566431996831923,-2.8290004764946914,1.7026746184891517,0.04087979361690035,-0.8109072821403078,2.0932677619472386,4.531675094983843,2.869880270111592,-0.7483742245634576,-0.3320723729476648,0.43269108551372254,0.770754459807373,67.73437500000024,0.0943492654228051,1
0.02956739588933691,0.8948855978425213,-2.2850513772392427,2.0466693515191956,0.1530966500139458,-0.22266442150437582,-0.48931876549067344,4.331720728758438,2.4381480272531886,-1.2186165917926393,-0.6717214840362813,0.6993214042540276,1.0693957274969055,3.984375000000014,0.5314978242803464,0
0.02653857931024188,0.817865246596195,-1.9953506052845085,1.9479417164942987,-0.021404656610207573,0.10830706691759999,-0.5246890978553238,3.943292321778807,1.973945948674301,-0.9589694296656497,-0.5669236382107806,0.6250174792246119,1.0674285102749126,38.84765625000014,0.3751869895660789,1
-0.023887266974640206,0.7829763838575088,-2.0257591931255754,1.7954791394143959,-0.07839646913408674,-0.007720050000964857,-0.8413534328875274,3.8212383325399712,1.9473627239914886,-1.0206964104908876,-0.6362030098361275,0.6748152827571899,0.916663437578978,63.75000000000023,0.18486263877037146,0
