kepid,kepoi_name,koi_disposition,koi_pdisposition,koi_period,koi_time0bk,koi_duration,koi_depth,koi_prad,koi_steff
10811496,"K00753.01","FALSE POSITIVE","FALSE POSITIVE",19.89913995,175.850252,1.7822,10829,14.6,5853.00
10848459,"K00754.01","FALSE POSITIVE","FALSE POSITIVE",1.736952453,170.307565,2.40641,8079.2,33.46,5805.00
10854555,"K00755.01","CONFIRMED","CANDIDATE",2.525591777,171.59555,1.6545,603.3,2.75,6031.00
10872983,"K00756.01","CONFIRMED","CANDIDATE",11.09432054,171.20116,4.5945,1517.5,3.9,6046.00
10872983,"K00756.02","CONFIRMED","CANDIDATE",4.13443512,172.97937,3.1402,686,2.77,6046.00
9579641,"K00115.03","CANDIDATE","CANDIDATE",3.43591631,132.6624,3.133,23.2,0.55,5779.00
10872983,"K00756.03","CONFIRMED","CANDIDATE",2.56658897,179.55437,2.429,226.5,1.59,6046.00
5436502,"K00834.01","CONFIRMED","CANDIDATE",23.65369415,171.376107,8.2183,3341.8,7.89,5739.00
5436502,"K00834.02","CONFIRMED","CANDIDATE",13.23352214,140.32196,6.7372,504.6,3.06,5739.00
5436502,"K00834.03","CONFIRMED","CANDIDATE",6.15560285,134.81656,4.9843,285,2.32,5739.00
5436502,"K00834.04","CONFIRMED","CANDIDATE",2.090811305,134.17462,3.388,115.9,1.62,5739.00
5436502,"K00834.05","CONFIRMED","CANDIDATE",50.4467417,178.5014,7.159,370.3,2.67,5739.00
9471974,"K00119.01","CONFIRMED","CANDIDATE",49.18394185,141.911924,11.3364,1646.2,8.2,5626.00
5456651,"K00835.01","CONFIRMED","CANDIDATE",11.76307164,180.93613,2.9076,1037.3,2.35,4959.00
7907423,"K00899.03","CONFIRMED","CANDIDATE",15.36845737,147.38965,2.4714,756.1,1.11,3561.00
7938496,"K00900.01","CONFIRMED","CANDIDATE",13.81020318,172.33533,3.048,1309.7,4.56,5942.00
8013419,"K00901.01","CANDIDATE","CANDIDATE",12.732624065,176.939054,2.2083,6465.7,4.87,3950.00
8018547,"K00902.01","CANDIDATE","CANDIDATE",83.92494032,236.76334,6.7904,7958.7,4.78,3960.00
8039892,"K00903.01","CONFIRMED","CANDIDATE",5.007316661,173.433997,4.2362,6932.3,6.96,5865.00
5897826,"K00126.01","FALSE POSITIVE","FALSE POSITIVE",33.80364366,202.259731,11.4813,13494.4,20.7,5855.00
8150320,"K00904.01","CONFIRMED","CANDIDATE",2.211116989,170.150139,1.6485,724.2,1.85,4500.00
8561063,"K00961.02","CONFIRMED","FALSE POSITIVE",0.453287416,133.869741,0.4445,1461.5,0.76,3292.00
8561063,"K00961.03","CONFIRMED","CANDIDATE",1.865114193,133.792344,0.4279,1124.8,0.66,3292.00
10657664,"K00964.01","FALSE POSITIVE","FALSE POSITIVE",3.273699006,171.2385098,3.07626,6862.8,22.36,10816.00
3337351,"K00965.01","FALSE POSITIVE","FALSE POSITIVE",7.047103499,175.03337,3.3208,71318,51.86,5730.00
3233043,"K00966.01","FALSE POSITIVE","FALSE POSITIVE",0.379463865,170.2480164,0.86896,1973.3,59.56,5075.00
6579806,"K00967.01","FALSE POSITIVE","FALSE POSITIVE",9.88047978,173.608672,2.78458,18541,23.6,6113.00
3560301,"K00968.01","FALSE POSITIVE","FALSE POSITIVE",4.6484156,261.09395,38.1939,128.4,5.06,6980.00
5880320,"K01060.02","CONFIRMED","CANDIDATE",4.75796103,137.69636,4.66,124.5,1.7,6021.00
5880320,"K01060.03","CONFIRMED","CANDIDATE",20.4972755,147.43894,8.536,242.9,2.96,6021.00
5880320,"K01060.04","CONFIRMED","CANDIDATE",8.19345065,138.99617,5.234,115.4,1.74,6021.00
6037187,"K01061.01","CONFIRMED","CANDIDATE",41.8059544,142.81919,6.057,434.4,2.02,5907.00
6147122,"K01062.01","FALSE POSITIVE","FALSE POSITIVE",15.45158184,142.21096,2.406,85.3,2.02,7839.00
8257407,"K01063.01","FALSE POSITIVE","FALSE POSITIVE",89.698168533,176.3060152,5.5418,273106,102.08,6214.00
4649305,"K00143.01","CANDIDATE","CANDIDATE",22.65117451,140.337593,3.6895,2250,7.62,6968.00
6307521,"K01126.02","FALSE POSITIVE","FALSE POSITIVE",475.91706,588.8926,22.86,967.3,28.22,5334.00
6359320,"K01127.01","CONFIRMED","CANDIDATE",5.32667299,357.12617,3.4045,611.4,2.26,5831.00
6359320,"K01127.02","CONFIRMED","CANDIDATE",8.1280933,358.68367,3.727,224.1,1.39,5831.00
3835670,"K00149.01","CONFIRMED","CANDIDATE",14.55730897,145.095012,7.7643,956.9,4.32,5774.00
6359320,"K01127.03","CANDIDATE","CANDIDATE",2.83668931,353.81531,3.031,166.1,1.19,5831.00
6362874,"K01128.01","CONFIRMED","CANDIDATE",0.974868896,133.076265,1.6191,197.6,1.16,5487.00
6272413,"K01129.01","CONFIRMED","CANDIDATE",4.89721006,133.39852,1.812,274.4,1.48,5093.00
3556220,"K01213.01","FALSE POSITIVE","FALSE POSITIVE",0.796722833,133.07985,2.4551,107.1,1.44,5959.00
3660924,"K01214.01","CONFIRMED","CANDIDATE",4.24153629,133.45522,2.971,188.1,1.44,5776.00
8030148,"K00155.01","CONFIRMED","CANDIDATE",5.660669429,137.416045,4.6483,737.8,3.24,5746.00
3939150,"K01215.01","CONFIRMED","CANDIDATE",17.32419108,142.09977,8.045,241.3,3.14,5968.00
3939150,"K01215.02","CONFIRMED","CANDIDATE",33.0063185,145.38821,7.118,278.1,3.13,5968.00
3839488,"K01216.01","CONFIRMED","CANDIDATE",11.13127159,134.36341,4.2372,211.2,2.06,5800.00
3542588,"K01217.01","FALSE POSITIVE","FALSE POSITIVE",3.47143963,133.74061,3.663,99.8,1.19,6341.00
10676923,"K01297.01","FALSE POSITIVE","FALSE POSITIVE",1.031096352,133.93938,2.781,265.4,2.36,6371.00
10604335,"K01298.01","CONFIRMED","CANDIDATE",11.00817635,143.22611,2.013,1462.5,2.15,4141.00
10604335,"K01298.02","CONFIRMED","FALSE POSITIVE",92.7495777,173.27975,5.506,1105.1,1.87,4141.00
10864656,"K01299.01","CONFIRMED","CANDIDATE",52.5008645,171.52114,14.9066,946.7,12.41,4976.00
10555375,"K00158.01","FALSE POSITIVE","FALSE POSITIVE",5.80181368,137.57807,4.119,269.6,4.52,6020.00
10975146,"K01300.01","CONFIRMED","CANDIDATE",0.63133171,133.94488,1.1487,434.5,1.2,4441.00
10538176,"K01301.01","CONFIRMED","CANDIDATE",12.69905011,184.9868,2.9899,797.4,2.62,5291.00
10724369,"K01302.01","CONFIRMED","CANDIDATE",55.6391882,187.55044,7.316,853,3.13,5949.00
10867062,"K01303.01","CANDIDATE","CANDIDATE",34.2966363,143.66728,19.718,696.6,3.29,5490.00
10744335,"K01304.01","CONFIRMED","CANDIDATE",4.59726613,136.47837,2.909,313,1.69,5999.00
10730034,"K01305.01","CONFIRMED","CANDIDATE",2.633852528,134.56431,2.0206,259.8,1.38,5114.00
